Square_Feet,BHK,Bathrooms,Age_Years,Parking,Price
1360,4,4,1,1,9433194.40
1794,3,4,16,1,11033485.23
1630,3,4,3,1,10341173.04
1595,2,2,13,2,8859531.76
2138,3,3,9,1,12086838.52
2669,2,2,2,1,15050203.29
966,2,2,2,1,5963222.26
1738,2,2,14,1,9535412.20
830,3,3,5,0,5487544.48
1982,2,2,16,1,10905451.84
2635,2,2,11,0,14378056.87
3419,3,3,19,2,18690356.10
630,2,2,10,0,3589655.96
2185,3,3,3,1,13276628.64
1269,2,3,5,1,7596795.30
2891,2,2,0,2,15803708.44
2015,3,4,19,0,11309961.69
3353,1,1,15,0,16593989.70
2933,2,2,14,0,15213485.40
1715,2,2,16,0,9557102.27
720,2,2,4,1,4550000.00
1450,3,2,5,1,8900000.00
2100,4,3,2,2,13500000.00
1100,2,2,8,0,6700000.00
2500,3,3,6,1,14200000.00